id,ts_ms,ts_utc,symbol,kind,message,mark,funding_pct,oi,cvd_5m,basis_pct,taker_buy_pct_5m
17,1777059737546,2026-04-24T19:42:17.546000+00:00,doge-usdc,FLOW_CLUSTER,"BUY flow cluster @ 0.0982  x46  $16,360",0.098335,0.00125,326636808,-303.596317,-0.0203345025672,41.4448946187
18,1777059849019,2026-04-24T19:44:09.019000+00:00,eth-usdc,FLOW_CLUSTER,"SELL flow cluster @ 2,319.1785  x333  $1,972,254",2321.5,0.00021141,423405.3204,31246.89465,-0.0796264015323,58.4809753056
19,1777059968918,2026-04-24T19:46:08.918000+00:00,btc-usdc,FLOW_CLUSTER,"SELL flow cluster @ 77,553.0000  x1698  $3,066,591",77553,0.00054951,27580.6596,-526797.16841,-0.0908230110727,28.0352448669
20,1777059998650,2026-04-24T19:46:38.650000+00:00,icp-usdc,THIN_BOOK,impact excess 8.8bp over spread,2.4651,0.00125,763402.2,21.00294,-0.0567605919319,53.8138687285
21,1777060005586,2026-04-24T19:46:45.586000+00:00,bnb-usdc,FLOW_CLUSTER,"BUY flow cluster @ 637.1631  x34  $17,422",638.44,0.00125,45758.196,2060.06075,-0.155606121029,78.3814806039
22,1777060009295,2026-04-24T19:46:49.295000+00:00,sol-usdc,FLOW_CLUSTER,"SELL flow cluster @ 86.2320  x455  $1,506,439",86.232,-0.00381706,3230053.8,-49712.02606,-0.113517896444,36.0963444393
23,1777060037777,2026-04-24T19:47:17.777000+00:00,doge-usdc,FLOW_CLUSTER,"BUY flow cluster @ 0.0983  x39  $13,342",0.098304,0.00125,326686414,-3033.560671,-0.0315248894087,16.6321209935
24,1777060116831,2026-04-24T19:48:36.831000+00:00,bnb-usdc,GRINDING_TRAP,px +0.16% 15m (2.0σ)  CVD -0.00M  fund +0.0013%  FΔ +0.0000%  OI +0.03% 15m,638.53,0.00125,45758.148,-799.26842,5.4985543164,5.85405827755
25,1777060149276,2026-04-24T19:49:09.276000+00:00,eth-usdc,FLOW_CLUSTER,"SELL flow cluster @ 2,319.3000  x550  $3,447,181",2319.3,0.00021828,423930.5268,-1535237.3258,-0.105523850544,0.465469133116
26,1777060269020,2026-04-24T19:51:09.020000+00:00,btc-usdc,FLOW_CLUSTER,"BUY flow cluster @ 77,539.0000  x2182  $5,542,446",77539,0.0005314,27546.88696,552332.64479,-0.0972756379285,59.2971663513
27,1777060305878,2026-04-24T19:51:45.878000+00:00,bnb-usdc,FLOW_CLUSTER,"BUY flow cluster @ 637.3128  x30  $14,650",638.59,0.00125,45757.938,-392.0563,-0.194581415521,32.1304169719
28,1777060309608,2026-04-24T19:51:49.608000+00:00,sol-usdc,FLOW_CLUSTER,"SELL flow cluster @ 86.2590  x632  $1,811,615",86.259,-0.00368006,3230164.52,-255362.15482,-0.121000191053,15.3790753065
29,1777060337883,2026-04-24T19:52:17.883000+00:00,doge-usdc,FLOW_CLUSTER,"BUY flow cluster @ 0.0983  x67  $18,706",0.098277,0.00125,326668730,-5605.034769,-0.0386512739663,2.59339740257
30,1777060372096,2026-04-24T19:52:52.096000+00:00,icp-usdc,THIN_BOOK,impact excess 10.1bp over spread,2.4658,0.00125,763616.6,189.27365,-0.0688956433637,75.0622412672
31,1777060438929,2026-04-24T19:53:58.929000+00:00,bnb-usdc,GRINDING_TRAP,px +0.06% 15m (1.0σ)  CVD -0.00M  fund +0.0013%  FΔ +0.0000%  OI +0.03% 15m,638.51,0.00125,45758.694,-236.92179,-0.0101789139882,38.1910716623
32,1777060449615,2026-04-24T19:54:09.615000+00:00,eth-usdc,FLOW_CLUSTER,"SELL flow cluster @ 2,320.1000  x1089  $5,451,908",2320.1,0.00021897,422763.259,-2575136.07534,-0.0839775198639,0.757474805929
33,1777060569525,2026-04-24T19:56:09.525000+00:00,btc-usdc,FLOW_CLUSTER,"BUY flow cluster @ 77,573.0000  x3662  $10,012,738",77573,0.00046536,27511.8972,2194905.32494,-0.0972330437806,85.7512334068
34,1777060605964,2026-04-24T19:56:45.964000+00:00,bnb-usdc,FLOW_CLUSTER,"BUY flow cluster @ 637.1132  x33  $16,691",638.39,0.00125,45758.352,-760.38158,0.141178685156,12.9437693458
35,1777060609723,2026-04-24T19:56:49.723000+00:00,sol-usdc,FLOW_CLUSTER,"SELL flow cluster @ 86.2650  x726  $1,676,355",86.265,-0.00354629,3230069.52,-77385.7326,-0.118100663448,28.3975558805
36,1777060638103,2026-04-24T19:57:18.103000+00:00,doge-usdc,FLOW_CLUSTER,"BUY flow cluster @ 0.0983  x100  $33,795",0.098383,0.00125,326861100,777.641736,-0.0325153685922,52.739019898
37,1777060672409,2026-04-24T19:57:52.409000+00:00,icp-usdc,THIN_BOOK,impact excess 8.3bp over spread,2.4731,0.00125,763608.4,147.28256,-0.0767676767677,79.3476018755
38,1777060750069,2026-04-24T19:59:10.069000+00:00,eth-usdc,FLOW_CLUSTER,"SELL flow cluster @ 2,320.2000  x1235  $5,314,331",2320.2,0.00022609,422761.699,36560.71151,-0.0796709803837,82.872097672
39,1777060814980,2026-04-24T20:00:14.980000+00:00,icp-usdc,GRINDING_TRAP,px +0.38% 15m (2.2σ)  CVD -0.00M  fund +0.0013%  FΔ +0.0000%  OI +0.02% 15m,2.4742,0.00125,763607.6,-27.95764,-0.0726978998384,47.0114498924
40,1777060869774,2026-04-24T20:01:09.774000+00:00,btc-usdc,FLOW_CLUSTER,"BUY flow cluster @ 77,526.0000  x2740  $7,387,832",77526,0.00089409,27501.84266,-512939.5826,-0.0985792983473,32.2606486053
41,1777060881119,2026-04-24T20:01:21.119000+00:00,doge-usdc,THIN_BOOK,impact excess 9.2bp over spread,0.098361,0.00125,326973166,-24861.532401,-0.0345546013517,5.35365506662
42,1777060906344,2026-04-24T20:01:46.344000+00:00,bnb-usdc,FLOW_CLUSTER,"BUY flow cluster @ 638.2576  x68  $21,516",637.62,0.00125,45770.396,7631.99806,-0.0728743035802,82.7329137835
43,1777060910117,2026-04-24T20:01:50.117000+00:00,sol-usdc,FLOW_CLUSTER,"SELL flow cluster @ 86.2157  x698  $2,079,722",86.302,-0.00154666,3225600.44,-418165.93135,-0.129030764869,11.6391783109
44,1777060938613,2026-04-24T20:02:18.613000+00:00,doge-usdc,FLOW_CLUSTER,"SELL flow cluster @ 0.0983  x100  $51,782",0.09832,0.00125,326768840,-24924.069303,-0.0254207127968,5.62856949704
45,1777061017204,2026-04-24T20:03:37.204000+00:00,icp-usdc,THIN_BOOK,impact excess 9.0bp over spread,2.4738,0.00125,763570.8,-182.03471,-0.0484848484848,23.908020203
46,1777061050563,2026-04-24T20:04:10.563000+00:00,eth-usdc,FLOW_CLUSTER,"SELL flow cluster @ 2,319.5000  x1272  $5,702,465",2319.5,-0.00020923,422728.8364,-71114.66952,-0.0796950050617,35.1708025887
47,1777061169793,2026-04-24T20:06:09.793000+00:00,btc-usdc,FLOW_CLUSTER,"BUY flow cluster @ 77,558.0000  x4799  $11,043,611",77558,0.00086567,27500.44354,24960.13815,-0.0843816627697,50.7011236257
48,1777061206476,2026-04-24T20:06:46.476000+00:00,bnb-usdc,FLOW_CLUSTER,"BUY flow cluster @ 638.1875  x57  $18,213",637.55,0.00125,45771.154,-304.22527,-0.026657467227,44.209208656
49,1777061210250,2026-04-24T20:06:50.250000+00:00,sol-usdc,FLOW_CLUSTER,"SELL flow cluster @ 86.2186  x725  $2,103,668",86.478,-0.00171244,3225530.84,395005.84727,-0.0976173285199,87.3157498954
50,1777061229667,2026-04-24T20:07:09.667000+00:00,doge-usdc,THIN_BOOK,impact excess 8.8bp over spread,0.098359,0.00125,326761352,344.959864,-0.0264267927021,66.0719263566
51,1777061238854,2026-04-24T20:07:18.854000+00:00,doge-usdc,FLOW_CLUSTER,"SELL flow cluster @ 0.0983  x118  $45,018",0.098268,0.00125,326761352,325.405726,-0.0223827449385,64.8895845907
52,1777061321915,2026-04-24T20:08:41.915000+00:00,icp-usdc,THIN_BOOK,impact excess 8.8bp over spread,2.4768,0.00125,763650.8,147.41248,-0.068589872907,89.8280008317
53,1777061350893,2026-04-24T20:09:10.893000+00:00,eth-usdc,FLOW_CLUSTER,"SELL flow cluster @ 2,320.1178  x1524  $5,863,403",2317.8,-0.00029965,422664.6996,-51509.57236,-0.0797534110749,43.2777775653
54,1777061461843,2026-04-24T20:11:01.843000+00:00,icp-usdc,GRINDING_TRAP,px +0.18% 15m (1.1σ)  CVD -0.00M  fund +0.0013%  FΔ +0.0000%  OI +0.00% 15m,2.4765,0.00125,763673.2,-34.12887,-0.11293510265,42.8230174901
55,1777061469908,2026-04-24T20:11:09.908000+00:00,btc-usdc,FLOW_CLUSTER,"BUY flow cluster @ 77,546.0000  x5157  $12,184,040",77546,0.00092904,27491.61734,-806846.36771,-0.0831073115107,23.3914962624
56,1777061507003,2026-04-24T20:11:47.003000+00:00,bnb-usdc,FLOW_CLUSTER,"BUY flow cluster @ 638.2840  x73  $21,914",637.01,0.00125,45782.45,-4329.72939,0.00863483291598,18.5448111087
57,1777061510759,2026-04-24T20:11:50.759000+00:00,sol-usdc,FLOW_CLUSTER,"SELL flow cluster @ 86.2152  x698  $2,079,722",86.388,-0.00140248,3225373.86,-328014.64114,-0.1046502888,10.7048479887
58,1777061539168,2026-04-24T20:12:19.168000+00:00,doge-usdc,FLOW_CLUSTER,"SELL flow cluster @ 0.0983  x124  $49,470",0.098194,0.00125,326433220,-51323.698318,-0.0213816626788,2.53352887652
59,1777061651051,2026-04-24T20:14:11.051000+00:00,eth-usdc,FLOW_CLUSTER,"SELL flow cluster @ 2,320.5182  x1377  $5,280,568",2318.2,-0.00024124,422698.3044,-5597.45166,-0.0754326601866,48.9165632582
60,1777061675676,2026-04-24T20:14:35.676000+00:00,icp-usdc,THIN_BOOK,impact excess 10.5bp over spread,2.4757,0.00125,763651.8,-47.99491,-0.0726538849647,35.916671611
61,1777061770010,2026-04-24T20:16:10.010000+00:00,btc-usdc,FLOW_CLUSTER,"BUY flow cluster @ 77,518.4040  x3700  $9,546,984",77596,0.00118105,27483.42626,540041.44797,-0.0766204583062,67.0115138564
62,1777061807299,2026-04-24T20:16:47.299000+00:00,bnb-usdc,FLOW_CLUSTER,"BUY flow cluster @ 638.3041  x73  $21,914",637.03,0.00125,45765.468,5425.242,-0.0329546167849,68.9614869388
63,1777061811094,2026-04-24T20:16:51.094000+00:00,sol-usdc,FLOW_CLUSTER,"SELL flow cluster @ 86.2826  x784  $1,504,222",86.369,-0.00128147,3225204.5,122731.45962,-0.100051471566,81.5340408975
64,1777061839515,2026-04-24T20:17:19.515000+00:00,doge-usdc,FLOW_CLUSTER,"SELL flow cluster @ 0.0983  x133  $61,472",0.098179,0.00125,326436428,3695.972823,-0.0264752303854,95.8824791938
65,1777061951304,2026-04-24T20:19:11.304000+00:00,eth-usdc,FLOW_CLUSTER,"SELL flow cluster @ 2,320.9326  x1168  $5,125,916",2316.3,-0.00014841,422502.8868,-600593.36502,-0.0754944889023,5.98445966296
66,1777061983061,2026-04-24T20:19:43.061000+00:00,icp-usdc,THIN_BOOK,impact excess 9.4bp over spread,2.4716,0.00125,763594.4,110.44225,-0.048527984471,77.3374301349
67,1777062070511,2026-04-24T20:21:10.511000+00:00,btc-usdc,FLOW_CLUSTER,"BUY flow cluster @ 77,541.0000  x5747  $12,895,861",77541,0.00112956,27484.94238,-106358.88077,-0.0934115843249,45.5473151941
68,1777062107357,2026-04-24T20:21:47.357000+00:00,bnb-usdc,FLOW_CLUSTER,"SELL flow cluster @ 636.8900  x35  $19,779",636.89,0.00125,45766.956,-4085.6419,0.153322377991,22.7107018392
69,1777062111112,2026-04-24T20:21:51.112000+00:00,sol-usdc,FLOW_CLUSTER,"SELL flow cluster @ 86.2720  x1011  $2,174,324",86.272,-0.00133603,3225297.66,-98798.59841,-0.102477405758,28.3450298168
70,1777062140035,2026-04-24T20:22:20.035000+00:00,doge-usdc,FLOW_CLUSTER,"SELL flow cluster @ 0.0983  x136  $63,612",0.09818,0.00125,326330782,-6773.069709,-0.0254569522937,8.3271487769
71,1777062251364,2026-04-24T20:24:11.364000+00:00,eth-usdc,FLOW_CLUSTER,"SELL flow cluster @ 2,320.7322  x1277  $5,232,249",2316.1,-0.00011429,422433.5874,-208512.7359,-0.0733454137544,7.87894009506
72,1777062370889,2026-04-24T20:26:10.889000+00:00,btc-usdc,FLOW_CLUSTER,"BUY flow cluster @ 77,545.4680  x6191  $13,282,878",77468,0.00104892,27485.7354,-1658944.24717,-0.0786802357827,22.4243059025
73,1777062376876,2026-04-24T20:26:16.876000+00:00,icp-usdc,THIN_BOOK,impact excess 8.0bp over spread,2.4641,0.00125,763444,139.5601,-0.0567836138714,90.6690099802
74,1777062407491,2026-04-24T20:26:47.491000+00:00,bnb-usdc,FLOW_CLUSTER,"SELL flow cluster @ 637.0164  x53  $26,261",636.38,0.00125,45771.714,-2250.30725,0.0165022985344,0
75,1777062411203,2026-04-24T20:26:51.203000+00:00,sol-usdc,FLOW_CLUSTER,"SELL flow cluster @ 86.2592  x1158  $2,771,584",86.173,-0.00146469,3224240.46,-61069.73318,-0.123436042165,44.8493964028
76,1777062440266,2026-04-24T20:27:20.266000+00:00,doge-usdc,FLOW_CLUSTER,"SELL flow cluster @ 0.0982  x124  $58,317",0.098107,0.00125,326370898,-4892.067955,-0.0285321241147,0.526305921805
77,1777062551395,2026-04-24T20:29:11.395000+00:00,eth-usdc,FLOW_CLUSTER,"SELL flow cluster @ 2,320.8324  x1224  $5,220,561",2316.2,-0.00011457,423491.058,-2723823.76071,-0.0970475964545,4.91888384526
78,1777062671230,2026-04-24T20:31:11.230000+00:00,btc-usdc,FLOW_CLUSTER,"BUY flow cluster @ 77,534.0000  x5983  $13,030,187",77534,0.00099502,27451.84892,3625489.19183,-0.0805448699361,79.5910747941
79,1777062708020,2026-04-24T20:31:48.020000+00:00,bnb-usdc,FLOW_CLUSTER,"SELL flow cluster @ 637.3167  x62  $25,058",636.68,0.00125,45768.802,-6066.93691,-0.210806786568,1.95624150512
80,1777062711268,2026-04-24T20:31:51.268000+00:00,sol-usdc,FLOW_CLUSTER,"SELL flow cluster @ 86.2610  x1213  $2,557,528",86.261,-0.00157032,3226303.6,-12657.05521,-0.109431362218,47.3963240095
81,1777062740409,2026-04-24T20:32:20.409000+00:00,doge-usdc,FLOW_CLUSTER,"SELL flow cluster @ 0.0982  x148  $79,025",0.098235,0.00125,326251856,14419.176843,-0.0305296901236,86.5616664096
82,1777062764191,2026-04-24T20:32:44.191000+00:00,sol-usdc,THIN_BOOK,impact excess 12.8bp over spread,86.29,-0.00157347,3231706.24,154320.89476,-0.288883753178,69.1815726085
83,1777062843584,2026-04-24T20:34:03.584000+00:00,icp-usdc,THIN_BOOK,impact excess 8.2bp over spread,2.4628,0.00125,763387.8,63.81067,-0.0689795090282,81.5261791018
84,1777062851709,2026-04-24T20:34:11.709000+00:00,eth-usdc,FLOW_CLUSTER,"SELL flow cluster @ 2,318.8000  x1237  $4,314,138",2318.8,-0.00010052,423481.9664,20786.47276,-0.101242918381,63.6582834672
85,1777062971683,2026-04-24T20:36:11.683000+00:00,btc-usdc,FLOW_CLUSTER,"BUY flow cluster @ 77,557.0000  x6135  $13,175,471",77557,0.00096784,27450.50632,65410.11714,-0.088244198105,56.0487252477
86,1777062998235,2026-04-24T20:36:38.235000+00:00,bnb-usdc,GRINDING_TRAP,px +0.09% 15m (1.0σ)  CVD -0.00M  fund +0.0013%  FΔ +0.0000%  OI +0.01% 15m,637.44,0.00125,45767.51,-2023.57814,-0.201963270866,7.08013386765
87,1777063008551,2026-04-24T20:36:48.551000+00:00,bnb-usdc,FLOW_CLUSTER,"SELL flow cluster @ 636.8325  x57  $29,108",637.47,0.00125,45766.884,-2283.02843,-0.197266450613,6.37816436794
88,1777063011752,2026-04-24T20:36:51.752000+00:00,sol-usdc,FLOW_CLUSTER,"SELL flow cluster @ 86.2436  x924  $1,650,757",86.677,-0.00147889,3209783.9,1536569.54703,-0.224468183074,85.0633732312
89,1777063040446,2026-04-24T20:37:20.446000+00:00,doge-usdc,FLOW_CLUSTER,"SELL flow cluster @ 0.0983  x126  $67,498",0.09847,0.00125,326220110,4348.530375,-0.0253819990862,96.8942638297
90,1777063151868,2026-04-24T20:39:11.868000+00:00,eth-usdc,FLOW_CLUSTER,"BUY flow cluster @ 2,319.2522  x1468  $9,391,745",2323.9,-0.00014422,426674.231,4271905.28175,-0.109609061016,80.6573224425
91,1777063224271,2026-04-24T20:40:24.271000+00:00,icp-usdc,THIN_BOOK,impact excess 9.7bp over spread,2.4732,0.00125,763399.8,-26.62414,-0.0646516890254,36.4643123181
92,1777063272052,2026-04-24T20:41:12.052000+00:00,btc-usdc,FLOW_CLUSTER,"BUY flow cluster @ 77,518.4040  x5142  $12,567,742",77596,0.00096274,27454.04272,1376342.0936,-0.0894863227559,86.5603048719
93,1777063309006,2026-04-24T20:41:49.006000+00:00,bnb-usdc,FLOW_CLUSTER,"SELL flow cluster @ 637.0523  x62  $31,545",637.69,0.00125,45765.57,-1035.33944,-0.208912014397,8.27755413729
94,1777063312275,2026-04-24T20:41:52.275000+00:00,sol-usdc,FLOW_CLUSTER,"SELL flow cluster @ 86.2894  x872  $1,546,812",86.723,-0.00146343,3204873.84,277402.83434,-0.116902487201,61.0273112959
95,1777063340537,2026-04-24T20:42:20.537000+00:00,doge-usdc,FLOW_CLUSTER,"BUY flow cluster @ 0.0984  x83  $160,480",0.098446,0.00125,327786464,140349.754456,-0.029449098756,90.7188027846
96,1777063418102,2026-04-24T20:43:38.102000+00:00,icp-usdc,GRINDING_TRAP,px +0.44% 15m (1.9σ)  CVD -0.00M  fund +0.0013%  FΔ +0.0000%  OI +0.10% 15m,2.4731,0.00125,764230.2,-1009.25246,-0.0969501110887,3.10306972687
97,1777063452423,2026-04-24T20:44:12.423000+00:00,eth-usdc,FLOW_CLUSTER,"BUY flow cluster @ 2,320.9767  x785  $6,794,469",2323.3,-9.261e-05,425493.1314,-1395683.39023,-0.101047019113,17.8119104333
98,1777063533838,2026-04-24T20:45:33.838000+00:00,icp-usdc,THIN_BOOK,impact excess 8.0bp over spread,2.473,0.00125,764217.6,-1059.45177,-0.121163166397,1.45033679511
99,1777063572468,2026-04-24T20:46:12.468000+00:00,btc-usdc,FLOW_CLUSTER,"BUY flow cluster @ 77,544.3780  x5604  $11,418,427",77622,0.00102557,27477.27916,1848785.26734,-0.0791673907587,87.3905366024
100,1777063609475,2026-04-24T20:46:49.475000+00:00,bnb-usdc,FLOW_CLUSTER,"SELL flow cluster @ 637.1622  x73  $32,761",637.8,0.00125,45762.854,6166.04012,-0.0156764383132,74.3529960925
101,1777063612744,2026-04-24T20:46:52.744000+00:00,sol-usdc,FLOW_CLUSTER,"SELL flow cluster @ 86.2904  x817  $1,471,877",86.724,-0.00144798,3204666.36,3323.97348,-0.0967652750899,51.7930198623
102,1777063630165,2026-04-24T20:47:10.165000+00:00,doge-usdc,GRINDING_TRAP,px +0.21% 15m (1.1σ)  CVD -0.00M  fund +0.0013%  FΔ +0.0000%  OI +0.45% 15m,0.098437,0.00125,327790048,-3727.542395,-0.038588474232,3.35887904937
103,1777063641076,2026-04-24T20:47:21.076000+00:00,doge-usdc,FLOW_CLUSTER,"BUY flow cluster @ 0.0984  x89  $152,603",0.098436,0.00125,327790048,-3619.058373,-0.029452089575,5.91317362656
104,1777063718372,2026-04-24T20:48:38.372000+00:00,icp-usdc,GRINDING_TRAP,px +0.52% 15m (2.3σ)  CVD -0.00M  fund +0.0013%  FΔ +0.0000%  OI +0.11% 15m,2.4745,0.00125,764235.8,-55.12306,-0.141242937853,30.5509272092
105,1777063752719,2026-04-24T20:49:12.719000+00:00,eth-usdc,FLOW_CLUSTER,"BUY flow cluster @ 2,318.9528  x1216  $7,897,592",2323.6,-4.306e-05,425289.301,1091072.02242,-0.109623197128,96.1527165979
106,1777063834341,2026-04-24T20:50:34.341000+00:00,icp-usdc,THIN_BOOK,impact excess 8.3bp over spread,2.4748,0.00125,764248.8,4.7364,-0.108980827447,51.737453607
107,1777063872988,2026-04-24T20:51:12.988000+00:00,btc-usdc,FLOW_CLUSTER,"BUY flow cluster @ 77,535.3870  x4784  $9,189,199",77613,0.00108923,27466.75352,1099544.50717,-0.0663108627494,85.3201752295
108,1777063909903,2026-04-24T20:51:49.903000+00:00,bnb-usdc,FLOW_CLUSTER,"SELL flow cluster @ 637.1922  x68  $27,978",637.83,0.00125,45763.45,-61.85173,0.127154563436,45.2420603516
109,1777063913158,2026-04-24T20:51:53.158000+00:00,sol-usdc,FLOW_CLUSTER,"BUY flow cluster @ 86.5915  x204  $1,288,956",86.765,-0.00142024,3203109.18,-291800.71113,-0.117420884801,6.59527587336
110,1777063941565,2026-04-24T20:52:21.565000+00:00,doge-usdc,FLOW_CLUSTER,"BUY flow cluster @ 0.0985  x83  $163,325",0.098502,0.00125,327846506,-16255.330785,-0.0334906378444,2.98289265173
111,1777064044651,2026-04-24T20:54:04.651000+00:00,icp-usdc,GRINDING_TRAP,px +0.27% 15m (1.4σ)  CVD -0.00M  fund +0.0013%  FΔ +0.0000%  OI +0.11% 15m,2.4791,0.00125,764248.8,-4.40217,-0.0967156961515,48.9879565038
112,1777064052832,2026-04-24T20:54:12.832000+00:00,eth-usdc,FLOW_CLUSTER,"SELL flow cluster @ 2,324.1000  x1172  $5,971,535",2324.1,4.191e-05,424836.2006,-1288102.57264,-0.109599638966,13.7717692994
113,1777064137963,2026-04-24T20:55:37.963000+00:00,icp-usdc,THIN_BOOK,impact excess 8.2bp over spread,2.4802,0.00125,764237.4,27.88136,-0.0926485397784,55.5813465603
114,1777064173430,2026-04-24T20:56:13.430000+00:00,btc-usdc,FLOW_CLUSTER,"BUY flow cluster @ 77,659.0000  x1549  $11,288,528",77659,0.00116446,27542.92806,8499352.73645,-0.0804153290917,98.4799482346
115,1777064195805,2026-04-24T20:56:35.805000+00:00,doge-usdc,THIN_BOOK,impact excess 8.6bp over spread,0.09853,0.00125,327865378,4375.901902,-0.0355095622178,86.7300783269
116,1777064210012,2026-04-24T20:56:50.012000+00:00,bnb-usdc,FLOW_CLUSTER,"BUY flow cluster @ 637.9800  x77  $28,224",637.98,0.00125,45762.634,1616.36711,-0.262639527249,97.8116066403
117,1777064213297,2026-04-24T20:56:53.297000+00:00,sol-usdc,FLOW_CLUSTER,"SELL flow cluster @ 86.2722  x594  $1,259,310",86.793,-0.00138951,3202036.4,-147995.62048,-0.112210195591,21.0115375226
118,1777064241809,2026-04-24T20:57:21.809000+00:00,doge-usdc,FLOW_CLUSTER,"BUY flow cluster @ 0.0985  x84  $106,703",0.09881,0.00125,327491602,85512.212898,-0.0354089736456,97.0103215115
119,1777064353073,2026-04-24T20:59:13.073000+00:00,eth-usdc,FLOW_CLUSTER,"SELL flow cluster @ 2,324.1735  x1430  $6,495,003",2326.5,5.006e-05,423140.055,3385212.01108,-0.100908173562,88.4500886458
120,1777064439768,2026-04-24T21:00:39.768000+00:00,icp-usdc,THIN_BOOK,impact excess 8.4bp over spread,2.48,0.00125,764209.8,33.77373,-0.0805801772764,61.2329182546
121,1777064472731,2026-04-24T21:01:12.731000+00:00,icp-usdc,GRINDING_TRAP,px +0.23% 15m (1.2σ)  CVD -0.00M  fund +0.0013%  FΔ +0.0000%  OI +0.00% 15m,2.479,0.00125,764209.8,-1.20978,-0.080612656187,49.4756056815
122,1777064473800,2026-04-24T21:01:13.800000+00:00,btc-usdc,FLOW_CLUSTER,"BUY flow cluster @ 77,670.0000  x1968  $12,790,273",77670,0.00125,27547.551,4497139.1154,-0.0842600870902,80.488132963
123,1777064510082,2026-04-24T21:01:50.082000+00:00,bnb-usdc,FLOW_CLUSTER,"SELL flow cluster @ 636.8038  x53  $28,853",638.08,0.00125,45766.532,1763.01862,-0.0117526306305,100
124,1777064513392,2026-04-24T21:01:53.392000+00:00,sol-usdc,FLOW_CLUSTER,"SELL flow cluster @ 86.7710  x693  $1,896,982",86.771,-0.00147557,3200489.48,-298845.99317,-0.0932621010455,21.7479496893
125,1777064541888,2026-04-24T21:02:21.888000+00:00,doge-usdc,FLOW_CLUSTER,"BUY flow cluster @ 0.0985  x143  $192,827",0.098862,0.00125,327707808,9536.314475,-0.0232593416595,67.9268923712
126,1777064606117,2026-04-24T21:03:26.117000+00:00,btc-usdc,GRINDING_TRAP,px +0.10% 15m (1.0σ)  CVD -0.82M  fund +0.0013%  FΔ +0.0002%  OI +0.28% 15m,77684,0.00125,27545.36568,-817911.18686,-0.0739630699176,31.5693002737
127,1777064653350,2026-04-24T21:04:13.350000+00:00,eth-usdc,FLOW_CLUSTER,"SELL flow cluster @ 2,323.2000  x1515  $7,444,836",2323.2,0.0003346,423104.431,-43111.38163,-0.118231260345,34.4436281524
128,1777064740076,2026-04-24T21:05:40.076000+00:00,icp-usdc,THIN_BOOK,impact excess 9.9bp over spread,2.4829,0.00125,765024.6,-976.24235,-0.0643992755082,4.76336990953
129,1777064773021,2026-04-24T21:06:13.021000+00:00,icp-usdc,GRINDING_TRAP,px +0.31% 15m (1.4σ)  CVD -0.00M  fund +0.0013%  FΔ +0.0000%  OI +0.10% 15m,2.4829,0.00125,765014.4,-946.92844,-0.0643992755082,7.28220334313
130,1777064774087,2026-04-24T21:06:14.087000+00:00,btc-usdc,FLOW_CLUSTER,"BUY flow cluster @ 77,615.3070  x3451  $16,363,577",77693,0.00125,27545.30144,403243.06497,-0.0919442676285,57.7330263934
131,1777064810409,2026-04-24T21:06:50.409000+00:00,bnb-usdc,FLOW_CLUSTER,"SELL flow cluster @ 636.9535  x53  $24,458",638.23,0.00125,45767.32,182.63571,-0.016449043214,59.5515462525
132,1777064813723,2026-04-24T21:06:53.723000+00:00,sol-usdc,FLOW_CLUSTER,"BUY flow cluster @ 86.8100  x717  $1,895,346",86.81,-0.00124647,3202810.64,16691.68691,-0.104716861716,54.1484541068
133,1777064842264,2026-04-24T21:07:22.264000+00:00,doge-usdc,FLOW_CLUSTER,"BUY flow cluster @ 0.0984  x110  $149,816",0.098926,0.00125,327645396,20964.029326,-0.019202587296,80.9391712547
134,1777064953783,2026-04-24T21:09:13.783000+00:00,eth-usdc,FLOW_CLUSTER,"SELL flow cluster @ 2,322.5751  x1069  $5,383,775",2324.9,-6.019e-05,423043.1242,197928.3567,-0.126726378418,90.6731133939
135,1777065074564,2026-04-24T21:11:14.564000+00:00,btc-usdc,FLOW_CLUSTER,"BUY flow cluster @ 77,663.0000  x5005  $17,894,342",77663,0.00125,27548.11154,122906.57754,-0.0778400355105,56.7687485663
136,1777065110635,2026-04-24T21:11:50.635000+00:00,bnb-usdc,FLOW_CLUSTER,"SELL flow cluster @ 636.8438  x47  $24,241",638.12,0.00125,45767.174,316.51581,0.225386179979,78.8371464462
137,1777065113956,2026-04-24T21:11:53.956000+00:00,sol-usdc,FLOW_CLUSTER,"SELL flow cluster @ 86.7622  x869  $2,182,260",86.849,-0.00132794,3201256.84,230308.13224,-0.105818888672,71.9388933536
138,1777065128386,2026-04-24T21:12:08.386000+00:00,icp-usdc,THIN_BOOK,impact excess 8.1bp over spread,2.4816,0.00125,764978.4,-44.37268,-0.0966183574879,36.1757153923
139,1777065135027,2026-04-24T21:12:15.027000+00:00,doge-usdc,THIN_BOOK,impact excess 8.3bp over spread,0.099014,0.00125,327512150,-11367.295607,-0.0212046246277,20.2564993304
140,1777065142774,2026-04-24T21:12:22.774000+00:00,doge-usdc,FLOW_CLUSTER,"BUY flow cluster @ 0.0985  x139  $191,438",0.099145,0.00125,327549148,-10514.634353,-0.0201684061917,24.3735446235
141,1777065170555,2026-04-24T21:12:50.555000+00:00,icp-usdc,GRINDING_TRAP,px +0.24% 15m (1.1σ)  CVD -0.00M  fund +0.0013%  FΔ +0.0000%  OI +0.10% 15m,2.485,0.00125,765009.4,-47.37253,-0.0603257590991,35.5119253088
142,1777065254084,2026-04-24T21:14:14.084000+00:00,eth-usdc,FLOW_CLUSTER,"SELL flow cluster @ 2,322.6750  x1203  $5,932,948",2325,0.0001375,422545.6922,-116878.39179,-0.113848731553,45.929371566
143,1777065262483,2026-04-24T21:14:22.483000+00:00,sol-usdc,THIN_BOOK,impact excess 12.9bp over spread,86.715,-0.00149893,3198120.62,-20013.56721,-0.0414980807138,48.7887142037
144,1777065270887,2026-04-24T21:14:30.887000+00:00,eth-usdc,THIN_BOOK,impact excess 12.5bp over spread,2318.6,1.638e-05,422629.634,-2425713.08439,0.0150975951688,19.5165863826
145,1777065374648,2026-04-24T21:16:14.648000+00:00,btc-usdc,FLOW_CLUSTER,"BUY flow cluster @ 77,636.5590  x6209  $21,511,931",77559,0.00125,27556.79176,-4093067.63401,-0.10239765065,18.5322916061
146,1777065410939,2026-04-24T21:16:50.939000+00:00,bnb-usdc,FLOW_CLUSTER,"BUY flow cluster @ 637.7471  x73  $18,635",637.11,0.00125,45769.478,-1786.94023,0.162716660771,10.2370108739
147,1777065414316,2026-04-24T21:16:54.316000+00:00,sol-usdc,FLOW_CLUSTER,"BUY flow cluster @ 86.8006  x1000  $2,752,682",86.541,-0.00159725,3195576.2,-578667.10608,-0.114265927978,14.2345044349
148,1777065443225,2026-04-24T21:17:23.225000+00:00,doge-usdc,FLOW_CLUSTER,"BUY flow cluster @ 0.0984  x96  $140,400",0.098921,0.00125,327318680,-33978.761739,-0.0323385849848,26.2156893575
149,1777065461952,2026-04-24T21:17:41.952000+00:00,icp-usdc,THIN_BOOK,impact excess 8.1bp over spread,2.4686,0.00125,764442.6,-2401.50084,-0.0971266693646,2.43006929468
150,1777065554114,2026-04-24T21:19:14.114000+00:00,eth-usdc,FLOW_CLUSTER,"SELL flow cluster @ 2,323.8507  x2379  $10,044,588",2316.9,-8.265e-05,423431.4686,-2419887.24623,-0.101325859653,23.2228871198
151,1777065674743,2026-04-24T21:21:14.743000+00:00,btc-usdc,FLOW_CLUSTER,"BUY flow cluster @ 77,623.5460  x4816  $16,545,708",77546,0.00125,27656.58528,-8549758.18603,-0.112709075335,5.68652095894
152,1777065711515,2026-04-24T21:21:51.515000+00:00,bnb-usdc,FLOW_CLUSTER,"BUY flow cluster @ 637.7171  x73  $18,635",637.08,0.00125,45769.684,-147.12502,0.0416133413943,20.3140014505
153,1777065714372,2026-04-24T21:21:54.372000+00:00,sol-usdc,FLOW_CLUSTER,"SELL flow cluster @ 86.7625  x960  $2,459,543",86.503,-0.001566,3192084.72,-122079.51048,-0.110855783554,22.6038938005
154,1777065743662,2026-04-24T21:22:23.662000+00:00,doge-usdc,FLOW_CLUSTER,"BUY flow cluster @ 0.0985  x146  $192,872",0.098853,0.00125,328303180,-45459.761209,-0.0222503160556,11.7410597704
155,1777065778742,2026-04-24T21:22:58.742000+00:00,icp-usdc,THIN_BOOK,impact excess 8.1bp over spread,2.4694,0.00125,764514.6,102.35583,-0.0647511129098,79.0103858351
156,1777065854252,2026-04-24T21:24:14.252000+00:00,eth-usdc,FLOW_CLUSTER,"SELL flow cluster @ 2,322.5468  x1182  $6,716,876",2315.6,-0.00017431,423423.9618,-280558.72563,-0.114310363421,23.6376744928
157,1777065975231,2026-04-24T21:26:15.231000+00:00,btc-usdc,FLOW_CLUSTER,"BUY flow cluster @ 77,644.5670  x7558  $21,141,861",77567,0.00101449,27634.45022,1366296.47226,-0.103673653369,80.73539452
158,1777066011536,2026-04-24T21:26:51.536000+00:00,bnb-usdc,FLOW_CLUSTER,"BUY flow cluster @ 637.9473  x85  $20,062",637.31,0.00125,45766.86,-162.9464,0.00392289164188,46.1901814765
159,1777066014420,2026-04-24T21:26:54.420000+00:00,sol-usdc,FLOW_CLUSTER,"SELL flow cluster @ 86.7926  x906  $2,328,538",86.533,-0.00150187,3192315.88,-2289.35934,-0.136754701303,49.2807971511
160,1777066043766,2026-04-24T21:27:23.766000+00:00,doge-usdc,FLOW_CLUSTER,"SELL flow cluster @ 0.0989  x173  $197,214",0.098866,0.00125,328690186,-26041.838584,-0.0394317779688,0.721593660469
161,1777066078838,2026-04-24T21:27:58.838000+00:00,icp-usdc,THIN_BOOK,impact excess 8.1bp over spread,2.4687,0.00125,764509.4,-48.88281,-0.133495145631,21.5555540814
162,1777066154280,2026-04-24T21:29:14.280000+00:00,eth-usdc,FLOW_CLUSTER,"SELL flow cluster @ 2,322.7474  x1442  $7,552,855",2315.8,-0.0001602,423459.838,6043.60661,-0.118608613142,51.4533995306
163,1777066275516,2026-04-24T21:31:15.516000+00:00,btc-usdc,FLOW_CLUSTER,"BUY flow cluster @ 77,648.5710  x7843  $20,410,424",77571,0.00091804,27633.53656,-103865.30278,-0.103668312911,36.034975367
164,1777066311864,2026-04-24T21:31:51.864000+00:00,bnb-usdc,FLOW_CLUSTER,"BUY flow cluster @ 637.7671  x74  $18,811",637.13,0.00125,45765.898,331.28065,-0.0305966343702,68.3363806639
165,1777066314717,2026-04-24T21:31:54.717000+00:00,sol-usdc,FLOW_CLUSTER,"SELL flow cluster @ 86.7545  x913  $2,089,374",86.495,-0.00151693,3195783.2,-301777.75305,-0.122400434175,12.5814855964
166,1777066344097,2026-04-24T21:32:24.097000+00:00,doge-usdc,FLOW_CLUSTER,"SELL flow cluster @ 0.0989  x158  $164,273",0.098825,0.00125,328798862,2856.913613,-0.0303474786303,65.5028955719
167,1777066441841,2026-04-24T21:34:01.841000+00:00,icp-usdc,THIN_BOOK,impact excess 8.4bp over spread,2.4715,0.00125,764478.6,-98.58688,-0.0848965071151,25.9965508345
168,1777066454517,2026-04-24T21:34:14.517000+00:00,eth-usdc,FLOW_CLUSTER,"SELL flow cluster @ 2,323.7504  x2270  $9,538,549",2316.8,-0.00016403,423424.6358,20863.1402,-0.127168875956,54.6347055909
169,1777066531617,2026-04-24T21:35:31.617000+00:00,eth-usdc,THIN_BOOK,impact excess 8.3bp over spread,2317.2,-0.00017888,423476.3398,-380762.96233,-0.0366687517526,17.3173344679
170,1777066575932,2026-04-24T21:36:15.932000+00:00,btc-usdc,FLOW_CLUSTER,"BUY flow cluster @ 77,618.5410  x5236  $17,209,304",77541,0.00088267,27631.50284,779126.23916,-0.0998473302112,79.687588957
171,1777066612323,2026-04-24T21:36:52.323000+00:00,bnb-usdc,FLOW_CLUSTER,"BUY flow cluster @ 637.6470  x65  $17,529",637.01,0.00125,45765.658,-1524.6566,0.167467312425,4.35115762137
172,1777066615183,2026-04-24T21:36:55.183000+00:00,sol-usdc,FLOW_CLUSTER,"BUY flow cluster @ 86.8169  x951  $2,526,290",86.385,-0.00157435,3196411.4,-217016.72559,-0.118514236161,37.4954166699
173,1777066644597,2026-04-24T21:37:24.597000+00:00,doge-usdc,FLOW_CLUSTER,"BUY flow cluster @ 0.0988  x175  $188,924",0.098738,0.00125,329179164,-19517.467166,-0.0273376196021,5.69847050317
174,1777066751133,2026-04-24T21:39:11.133000+00:00,icp-usdc,THIN_BOOK,impact excess 9.6bp over spread,2.4679,0.00125,764466.4,-61.23371,-0.085020242915,25.9710984714
175,1777066754582,2026-04-24T21:39:14.582000+00:00,eth-usdc,FLOW_CLUSTER,"BUY flow cluster @ 2,324.5612  x1736  $4,643,274",2315.3,-0.00014783,423451.7498,-1016973.43225,-0.114325158006,4.345683783
176,1777066876200,2026-04-24T21:41:16.200000+00:00,btc-usdc,FLOW_CLUSTER,"SELL flow cluster @ 77,564.0000  x12221  $21,027,679",77564,0.00092575,27633.3418,711527.0993,-0.0959575468357,56.9453334331
177,1777066912605,2026-04-24T21:41:52.605000+00:00,bnb-usdc,FLOW_CLUSTER,"BUY flow cluster @ 637.6200  x70  $17,128",637.62,0.00125,45766.308,-661.04877,-0.162059327806,11.0395152876
178,1777066915497,2026-04-24T21:41:55.497000+00:00,sol-usdc,FLOW_CLUSTER,"SELL flow cluster @ 86.8078  x754  $1,546,858",86.462,-0.00154509,3196716.42,317.36825,-0.103406642288,50.0578227491
179,1777066944964,2026-04-24T21:42:24.964000+00:00,doge-usdc,FLOW_CLUSTER,"BUY flow cluster @ 0.0988  x176  $188,711",0.098739,0.00125,329187226,-1448.497123,-0.0263251151724,13.3213621382
180,1777067054602,2026-04-24T21:44:14.602000+00:00,eth-usdc,FLOW_CLUSTER,"SELL flow cluster @ 2,323.1556  x964  $4,386,256",2313.9,-0.00011578,423255.7882,86096.66031,-0.110082237907,59.5728514993
181,1777067054611,2026-04-24T21:44:14.611000+00:00,icp-usdc,THIN_BOOK,impact excess 8.3bp over spread,2.4676,0.00125,764515.6,-42.6706,-0.105254635252,31.4892674833
182,1777067176240,2026-04-24T21:46:16.240000+00:00,btc-usdc,FLOW_CLUSTER,"SELL flow cluster @ 77,531.0000  x9438  $18,183,378",77531,0.00099384,27645.76732,51207.69601,-0.0882737646505,51.6983191859
183,1777067215542,2026-04-24T21:46:55.542000+00:00,sol-usdc,FLOW_CLUSTER,"SELL flow cluster @ 86.7848  x651  $1,337,385",86.353,-0.00148162,3196103.5,166010.88276,-0.0931351848531,81.2872919785
184,1777067244991,2026-04-24T21:47:24.991000+00:00,doge-usdc,FLOW_CLUSTER,"SELL flow cluster @ 0.0989  x198  $217,283",0.098589,0.00125,329208018,-15373.662152,-0.0263651574304,4.38940676431
185,1777067354697,2026-04-24T21:49:14.697000+00:00,eth-usdc,FLOW_CLUSTER,"BUY flow cluster @ 2,325.9720  x759  $4,128,704",2314.4,-0.00011869,423218.1472,-48559.12843,-0.118680275338,35.5487973584
186,1777067368559,2026-04-24T21:49:28.559000+00:00,icp-usdc,THIN_BOOK,impact excess 8.2bp over spread,2.4665,0.00125,764596.4,-32.2336,-0.101255569056,40.3160968092
187,1777067456929,2026-04-24T21:50:56.929000+00:00,bnb-usdc,FLOW_CLUSTER,"BUY flow cluster @ 637.2800  x87  $15,593",637.28,0.00125,45781.818,4488.73638,0.145359115588,83.3550528176
188,1777067476479,2026-04-24T21:51:16.479000+00:00,btc-usdc,FLOW_CLUSTER,"SELL flow cluster @ 77,537.0000  x11095  $24,250,401",77537,0.0010443,27707.39648,2527889.37182,-0.083116950059,78.4466123386
189,1777067515860,2026-04-24T21:51:55.860000+00:00,sol-usdc,FLOW_CLUSTER,"SELL flow cluster @ 86.5214  x592  $1,392,794",86.435,-0.00147247,3197946.52,23024.86224,-0.10863409955,56.0514133469
190,1777067545317,2026-04-24T21:52:25.317000+00:00,doge-usdc,FLOW_CLUSTER,"SELL flow cluster @ 0.0989  x197  $213,278",0.098683,0.00125,329228008,-2192.537034,-0.0324165527022,7.31904061661
191,1777067655171,2026-04-24T21:54:15.171000+00:00,eth-usdc,FLOW_CLUSTER,"BUY flow cluster @ 2,326.9770  x373  $3,821,471",2315.4,-9.918e-05,423304.5684,-92914.46087,-0.105701404319,18.4040443042
192,1777067685277,2026-04-24T21:54:45.277000+00:00,icp-usdc,THIN_BOOK,impact excess 8.8bp over spread,2.4689,0.00125,764589.6,-44.38555,-0.0849858356941,39.3733421266
193,1777067757460,2026-04-24T21:55:57.460000+00:00,bnb-usdc,FLOW_CLUSTER,"BUY flow cluster @ 637.5900  x55  $10,931",637.59,0.00125,45781.588,-306.6078,-0.173790511977,10.7675072528
194,1777067777018,2026-04-24T21:56:17.018000+00:00,btc-usdc,FLOW_CLUSTER,"SELL flow cluster @ 77,534.0000  x11110  $24,316,688",77534,0.00105717,27701.61538,-146746.18273,-0.105004799299,39.6563884289
195,1777067816407,2026-04-24T21:56:56.407000+00:00,sol-usdc,FLOW_CLUSTER,"SELL flow cluster @ 86.5224  x584  $1,387,537",86.436,-0.00145145,3198171.48,-5529.03551,-0.1086328441,44.2509055115
196,1777067845886,2026-04-24T21:57:25.886000+00:00,doge-usdc,FLOW_CLUSTER,"SELL flow cluster @ 0.0988  x130  $108,133",0.098648,0.00125,329211614,-2284.486398,-0.0374930333891,1.97068402269
197,1777067901342,2026-04-24T21:58:21.342000+00:00,bnb-usdc,GRINDING_TRAP,px +0.07% 15m (1.0σ)  CVD -0.00M  fund +0.0013%  FΔ +0.0000%  OI +0.03% 15m,637.73,0.00125,45781.318,-388.87669,0.190096147804,24.0258741579
198,1777067955583,2026-04-24T21:59:15.583000+00:00,eth-usdc,FLOW_CLUSTER,"SELL flow cluster @ 2,313.7839  x1154  $3,734,347",2316.1,-6.872e-05,423374.3692,-84775.52364,-0.105669491708,27.8226203702
199,1777068001787,2026-04-24T22:00:01.787000+00:00,icp-usdc,THIN_BOOK,impact excess 8.4bp over spread,2.4672,0.00125,764602,-99.76853,-0.113360323887,0
200,1777068057798,2026-04-24T22:00:57.798000+00:00,bnb-usdc,FLOW_CLUSTER,"BUY flow cluster @ 637.4300  x101  $14,943",637.43,0.00125,45780.664,-891.21702,0.254004702626,14.1948271063
201,1777068077389,2026-04-24T22:01:17.389000+00:00,btc-usdc,FLOW_CLUSTER,"SELL flow cluster @ 77,537.0000  x12154  $26,257,097",77537,0.00125,27693.69712,-546472.05709,-0.0972781446288,33.6131308039
202,1777068116783,2026-04-24T22:01:56.783000+00:00,sol-usdc,FLOW_CLUSTER,"SELL flow cluster @ 86.5247  x547  $1,210,041",86.352,-0.00186257,3198113.24,-51999.52388,-0.109316166646,5.0797920278
203,1777068146265,2026-04-24T22:02:26.265000+00:00,doge-usdc,FLOW_CLUSTER,"SELL flow cluster @ 0.0989  x156  $162,520",0.098527,0.00125,328657410,-30252.932864,-0.0385532389794,5.48795910574
204,1777068215693,2026-04-24T22:03:35.693000+00:00,bnb-usdc,GRINDING_TRAP,px +0.09% 15m (1.0σ)  CVD -0.01M  fund +0.0013%  FΔ +0.0000%  OI +0.05% 15m,637.61,0.00125,45788.26,-10709.28634,0.204302934104,0.154243937958
205,1777068255607,2026-04-24T22:04:15.607000+00:00,eth-usdc,FLOW_CLUSTER,"SELL flow cluster @ 2,313.8000  x1460  $4,314,779",2313.8,0.00030837,423086.4776,235714.2705,-0.110086990308,69.6682923294
206,1777068326786,2026-04-24T22:05:26.786000+00:00,icp-usdc,THIN_BOOK,impact excess 8.5bp over spread,2.4627,-0.00078328,764551.6,72.72737,-0.133819951338,76.1134562088
207,1777068358000,2026-04-24T22:05:58+00:00,bnb-usdc,FLOW_CLUSTER,"SELL flow cluster @ 637.5000  x114  $23,283",637.5,0.00125,45788.662,-10134.29673,-0.23942537909,2.10289698501
208,1777068377582,2026-04-24T22:06:17.582000+00:00,btc-usdc,FLOW_CLUSTER,"SELL flow cluster @ 77,524.0000  x11290  $24,064,144",77524,0.00125,27694.62242,43482.76283,-0.0921445186899,54.5385873497
209,1777068416994,2026-04-24T22:06:56.994000+00:00,sol-usdc,FLOW_CLUSTER,"SELL flow cluster @ 86.4926  x607  $1,660,378",86.32,-0.0015238,3198131.1,-173740.20475,-0.118025502766,6.6094864389
210,1777068446607,2026-04-24T22:07:26.607000+00:00,doge-usdc,FLOW_CLUSTER,"SELL flow cluster @ 0.0984  x25  $115,781",0.098338,0.00125,326751386,-144365.683985,-0.0630081300813,1.77628917449
211,1777068556140,2026-04-24T22:09:16.140000+00:00,eth-usdc,FLOW_CLUSTER,"SELL flow cluster @ 2,313.9000  x1750  $5,988,935",2313.9,0.00012268,422650.8954,1087006.2234,-0.1014570966,82.3100043709
212,1777068634858,2026-04-24T22:10:34.858000+00:00,icp-usdc,THIN_BOOK,impact excess 8.3bp over spread,2.463,-0.0011678,764532,-24.6028,-0.125704553749,36.8516349147
213,1777068658574,2026-04-24T22:10:58.574000+00:00,bnb-usdc,FLOW_CLUSTER,"SELL flow cluster @ 637.1400  x133  $26,149",637.14,0.00125,45787.492,-680.52868,0.020407842891,0.647051172086
214,1777068678149,2026-04-24T22:11:18.149000+00:00,btc-usdc,FLOW_CLUSTER,"SELL flow cluster @ 77,528.0000  x12332  $27,400,892",77528,0.00125,27656.57208,-1689639.07645,-0.101151321088,17.5845817696
215,1777068717515,2026-04-24T22:11:57.515000+00:00,sol-usdc,FLOW_CLUSTER,"SELL flow cluster @ 86.5217  x592  $1,392,794",86.349,-0.00163082,3202339.86,31195.50269,-0.122607136661,55.4863441963
216,1777068746993,2026-04-24T22:12:26.993000+00:00,doge-usdc,FLOW_CLUSTER,"SELL flow cluster @ 0.0989  x112  $124,171",0.098228,0.00125,326722392,203.095775,-0.0478249809209,54.6350266505
217,1777068775907,2026-04-24T22:12:55.907000+00:00,doge-usdc,THIN_BOOK,impact excess 8.0bp over spread,0.09823,0.00125,326642856,-3897.507179,-0.0457898753498,19.1584393891
218,1777068856220,2026-04-24T22:14:16.220000+00:00,eth-usdc,FLOW_CLUSTER,"BUY flow cluster @ 2,315.2129  x1958  $6,033,232",2312.9,-0.00012716,422394.3292,-595131.22287,-0.127383034307,2.19642637338
219,1777068940173,2026-04-24T22:15:40.173000+00:00,icp-usdc,THIN_BOOK,impact excess 8.9bp over spread,2.4647,-0.00102245,764642.6,-445.5223,-0.133711507293,12.0805144522
220,1777068958576,2026-04-24T22:15:58.576000+00:00,bnb-usdc,FLOW_CLUSTER,"SELL flow cluster @ 637.6100  x114  $22,135",637.61,0.00125,45785.15,968.66825,0.189344835443,100
221,1777068978592,2026-04-24T22:16:18.592000+00:00,btc-usdc,FLOW_CLUSTER,"SELL flow cluster @ 77,556.0000  x13448  $27,081,689",77556,0.00116621,27652.48454,516972.26428,-0.0998280381536,83.9709884375
222,1777069017661,2026-04-24T22:16:57.661000+00:00,sol-usdc,FLOW_CLUSTER,"SELL flow cluster @ 86.3430  x575  $1,070,829",86.343,-0.00163011,3205231.14,-143517.5419,-0.123770965876,5.80788240144
223,1777069047527,2026-04-24T22:17:27.527000+00:00,doge-usdc,FLOW_CLUSTER,"SELL flow cluster @ 0.0985  x39  $141,833",0.098307,0.00125,326520470,3603.657456,-0.0386394834511,60.480977544
224,1777069156505,2026-04-24T22:19:16.505000+00:00,eth-usdc,FLOW_CLUSTER,"BUY flow cluster @ 2,313.3000  x1473  $3,623,819",2313.3,-0.00018953,421643.0124,1205777.05245,-0.118736642128,98.9686309798
225,1777069246357,2026-04-24T22:20:46.357000+00:00,icp-usdc,THIN_BOOK,impact excess 8.4bp over spread,2.465,-0.00151609,765127.6,952.26521,-0.121555915721,92.3707432655
226,1777069258933,2026-04-24T22:20:58.933000+00:00,bnb-usdc,FLOW_CLUSTER,"SELL flow cluster @ 637.4500  x178  $42,773",637.45,0.00125,45773.74,-8202.51176,-0.079159188344,26.1052979982
227,1777069278871,2026-04-24T22:21:18.871000+00:00,btc-usdc,FLOW_CLUSTER,"BUY flow cluster @ 77,545.0000  x8931  $21,633,158",77545,0.0010518,27624.44088,1319896.68831,-0.101129168358,91.8853511962
228,1777069317768,2026-04-24T22:21:57.768000+00:00,sol-usdc,FLOW_CLUSTER,"BUY flow cluster @ 86.4936  x457  $1,291,115",86.321,-0.00154778,3205268.16,-9432.39458,-0.110511302818,44.3486315322
229,1777069347978,2026-04-24T22:22:27.978000+00:00,doge-usdc,FLOW_CLUSTER,"SELL flow cluster @ 0.0985  x39  $141,833",0.098303,0.00125,326471746,-7309.186857,-0.0427067974986,15.5826378116
230,1777069457002,2026-04-24T22:24:17.002000+00:00,eth-usdc,FLOW_CLUSTER,"BUY flow cluster @ 2,313.9000  x1868  $4,882,060",2313.9,-0.00016406,421640.4538,8486.93289,-0.1014570966,59.3669051184
231,1777069548266,2026-04-24T22:25:48.266000+00:00,icp-usdc,THIN_BOOK,impact excess 8.0bp over spread,2.4638,-0.00172514,765045.8,74.69873,-0.149949341439,74.0150897058
232,1777069559154,2026-04-24T22:25:59.154000+00:00,bnb-usdc,FLOW_CLUSTER,"SELL flow cluster @ 637.1400  x137  $25,613",637.14,0.00125,45773.288,-191.81832,-0.00863158059936,8.54192161238
233,1777069579106,2026-04-24T22:26:19.106000+00:00,btc-usdc,FLOW_CLUSTER,"BUY flow cluster @ 77,524.0000  x5876  $16,327,474",77524,0.00096218,27625.18708,119942.06447,-0.0960070104448,65.2330984992
234,1777069618077,2026-04-24T22:26:58.077000+00:00,sol-usdc,FLOW_CLUSTER,"BUY flow cluster @ 86.4946  x354  $1,165,417",86.322,-0.00156973,3205280.16,-19292.67508,-0.113399676001,7.16924144357
235,1777069648380,2026-04-24T22:27:28.380000+00:00,doge-usdc,FLOW_CLUSTER,"SELL flow cluster @ 0.0985  x32  $130,950",0.098324,0.00125,326226646,13117.979501,-0.0467622242554,92.6585971607
236,1777069757482,2026-04-24T22:29:17.482000+00:00,eth-usdc,FLOW_CLUSTER,"BUY flow cluster @ 2,313.0000  x1719  $7,161,053",2313,-0.00012093,419755.811,3318942.36797,-0.101496534001,93.2408010205
237,1777069851913,2026-04-24T22:30:51.913000+00:00,icp-usdc,THIN_BOOK,impact excess 8.5bp over spread,2.4633,-0.00141459,765021.6,79.36009,-0.0892313932265,78.5515624587
238,1777069859333,2026-04-24T22:30:59.333000+00:00,bnb-usdc,FLOW_CLUSTER,"SELL flow cluster @ 637.5569  x155  $40,601",636.92,0.00125,45772.96,28.68885,-0.202909677773,55.8787429617
239,1777069879279,2026-04-24T22:31:19.279000+00:00,btc-usdc,FLOW_CLUSTER,"BUY flow cluster @ 77,564.4870  x6104  $15,045,665",77487,0.00090369,27629.8013,-650817.71892,-0.092188477085,8.29158263398
240,1777069918262,2026-04-24T22:31:58.262000+00:00,sol-usdc,FLOW_CLUSTER,"SELL flow cluster @ 86.3723  x827  $1,119,229",86.286,-0.0015799,3204001.48,-184472.86204,-0.107665057479,12.507315467
241,1777069948620,2026-04-24T22:32:28.620000+00:00,doge-usdc,FLOW_CLUSTER,"SELL flow cluster @ 0.0984  x31  $133,908",0.098055,0.00125,326216896,-3146.177214,-0.0407767980019,22.9367882599
242,1777070057629,2026-04-24T22:34:17.629000+00:00,eth-usdc,FLOW_CLUSTER,"BUY flow cluster @ 2,312.6103  x1515  $7,203,999",2310.3,-0.00016404,419323.3478,-1246951.89361,-0.110253583241,11.1523508543
243,1777070159781,2026-04-24T22:35:59.781000+00:00,bnb-usdc,FLOW_CLUSTER,"SELL flow cluster @ 637.7429  x84  $23,595",636.47,0.00125,45771.882,-1518.24021,-0.188967734347,15.0365047497
244,1777070179820,2026-04-24T22:36:19.820000+00:00,btc-usdc,FLOW_CLUSTER,"SELL flow cluster @ 77,514.4370  x5360  $15,406,983",77437,0.00077058,27555.7469,-5440972.43895,-0.0845134027935,19.0915289049
245,1777070218288,2026-04-24T22:36:58.288000+00:00,sol-usdc,FLOW_CLUSTER,"SELL flow cluster @ 86.3172  x749  $998,032",86.231,-0.00161756,3203231.1,24962.40231,-0.118725639526,57.0421819081
246,1777070229165,2026-04-24T22:37:09.165000+00:00,icp-usdc,THIN_BOOK,impact excess 10.0bp over spread,2.4599,-0.00111967,764974.2,38.14015,-0.085296506905,100
247,1777070248659,2026-04-24T22:37:28.659000+00:00,doge-usdc,FLOW_CLUSTER,"SELL flow cluster @ 0.0985  x37  $141,281",0.098075,0.00125,325327144,-65182.000001,-0.0458622095393,9.03662382632
248,1777070357716,2026-04-24T22:39:17.716000+00:00,eth-usdc,FLOW_CLUSTER,"BUY flow cluster @ 2,311.9146  x883  $5,701,356",2307.3,-0.0002249,419275.7036,-144874.0055,-0.101747017946,36.3327287293
249,1777070460057,2026-04-24T22:41:00.057000+00:00,bnb-usdc,FLOW_CLUSTER,"SELL flow cluster @ 637.5469  x147  $39,934",635.64,0.00125,45775.99,-11011.7723,0.172564593528,3.90130049615
250,1777070480234,2026-04-24T22:41:20.234000+00:00,btc-usdc,FLOW_CLUSTER,"BUY flow cluster @ 77,513.8460  x4667  $13,032,628",77282,0.00067131,27484.60152,-10758690.329,-0.0846827628559,12.0376071153
251,1777070518462,2026-04-24T22:41:58.462000+00:00,sol-usdc,FLOW_CLUSTER,"SELL flow cluster @ 86.0950  x338  $1,076,773",86.095,-0.00159723,3212417.2,-1011057.65563,-0.13165755117,6.36742092731
252,1777070549120,2026-04-24T22:42:29.120000+00:00,doge-usdc,FLOW_CLUSTER,"SELL flow cluster @ 0.0985  x39  $141,833",0.097908,0.00125,325281952,-6255.930134,-0.0428790199081,19.116855429
253,1777070608782,2026-04-24T22:43:28.782000+00:00,icp-usdc,THIN_BOOK,impact excess 9.5bp over spread,2.4517,-0.00056807,764960.6,-62.0587,-0.0733645812105,31.8999859653
254,1777070658295,2026-04-24T22:44:18.295000+00:00,eth-usdc,FLOW_CLUSTER,"BUY flow cluster @ 2,313.3174  x1613  $7,022,405",2308.7,-0.00021243,419498.0644,-174747.77335,-0.114651610531,44.232942461
255,1777070760061,2026-04-24T22:46:00.061000+00:00,bnb-usdc,FLOW_CLUSTER,"SELL flow cluster @ 637.2720  x139  $33,380",636,0.00125,45759.704,-5540.58735,-0.175791059769,4.37800427592
256,1777070780524,2026-04-24T22:46:20.524000+00:00,btc-usdc,FLOW_CLUSTER,"BUY flow cluster @ 77,541.9300  x4981  $12,844,690",77310,0.00067333,27488.06896,-2057521.6777,-0.0923993460969,26.5146133656
257,1777070818775,2026-04-24T22:46:58.775000+00:00,sol-usdc,FLOW_CLUSTER,"SELL flow cluster @ 86.0885  x470  $1,550,708",86.261,-0.00167869,3217653.72,-293284.03664,-0.107117835409,25.7385412421
258,1777070849331,2026-04-24T22:47:29.331000+00:00,doge-usdc,FLOW_CLUSTER,"SELL flow cluster @ 0.0985  x34  $140,575",0.097964,0.00125,325250442,-2176.65333,-0.0418346002755,43.4301628661
259,1777070958875,2026-04-24T22:49:18.875000+00:00,eth-usdc,FLOW_CLUSTER,"BUY flow cluster @ 2,312.1098  x1067  $5,838,891",2309.8,-0.00020881,419453.7236,-145205.76859,-0.131871932897,31.4551707005
260,1777070964796,2026-04-24T22:49:24.796000+00:00,icp-usdc,THIN_BOOK,impact excess 8.7bp over spread,2.4523,-0.0001963,764936,93.95536,-0.0896312894683,85.804935929
261,1777071060270,2026-04-24T22:51:00.270000+00:00,bnb-usdc,FLOW_CLUSTER,"SELL flow cluster @ 637.3121  x137  $30,094",636.04,0.00125,45760.328,-391.8466,0.186656795646,5.49013729671
262,1777071080975,2026-04-24T22:51:20.975000+00:00,btc-usdc,FLOW_CLUSTER,"BUY flow cluster @ 77,302.0000  x13626  $20,795,330",77302,0.00066259,27355.25572,7795834.62644,-0.0885350359633,82.7678461593
263,1777071118998,2026-04-24T22:51:58.998000+00:00,sol-usdc,FLOW_CLUSTER,"SELL flow cluster @ 86.0516  x214  $911,316",86.224,-0.00164532,3217481.62,-87025.6591,-0.107742391418,22.2777961969
264,1777071149841,2026-04-24T22:52:29.841000+00:00,doge-usdc,FLOW_CLUSTER,"SELL flow cluster @ 0.0984  x18  $91,904",0.097935,0.00125,325253938,3496.179314,-0.0387861961969,83.3203137454
265,1777071258963,2026-04-24T22:54:18.963000+00:00,eth-usdc,FLOW_CLUSTER,"BUY flow cluster @ 2,313.3110  x1442  $6,911,494",2311,-0.00011698,418641.3952,4095084.76317,-0.105902440079,98.1808223267
266,1777071294194,2026-04-24T22:54:54.194000+00:00,icp-usdc,THIN_BOOK,impact excess 8.9bp over spread,2.4524,2.227e-05,765023.8,-51.71326,-0.126247200163,34.1956022841
267,1777071360388,2026-04-24T22:56:00.388000+00:00,bnb-usdc,FLOW_CLUSTER,"SELL flow cluster @ 637.3221  x129  $29,703",636.05,0.00125,45758.85,-811.77572,0.005503014866,16.8735557552
268,1777071381171,2026-04-24T22:56:21.171000+00:00,btc-usdc,FLOW_CLUSTER,"BUY flow cluster @ 77,310.0000  x14963  $29,055,168",77310,0.00073782,27310.3332,9446153.98854,-0.0756121677427,92.1911302083
269,1777071419396,2026-04-24T22:56:59.396000+00:00,sol-usdc,FLOW_CLUSTER,"SELL flow cluster @ 86.0990  x630  $2,040,703",86.099,-0.00165328,3216858.12,-510190.2933,-0.121804092618,4.73246450728
270,1777071450364,2026-04-24T22:57:30.364000+00:00,doge-usdc,FLOW_CLUSTER,"SELL flow cluster @ 0.0984  x26  $121,513",0.097952,0.00125,325122546,-9339.22107,-0.0387794672926,20.5549824219
271,1777071559201,2026-04-24T22:59:19.201000+00:00,eth-usdc,FLOW_CLUSTER,"BUY flow cluster @ 2,313.2109  x1475  $7,208,343",2310.9,-2.508e-05,418643.516,-29375.81293,-0.105907017961,18.0467248456
272,1777071594405,2026-04-24T22:59:54.405000+00:00,icp-usdc,THIN_BOOK,impact excess 8.3bp over spread,2.451,-9.76e-06,765053.2,-88.25614,-0.101895251681,15.3887011795
273,1777071660476,2026-04-24T23:01:00.476000+00:00,bnb-usdc,FLOW_CLUSTER,"SELL flow cluster @ 637.3522  x116  $30,950",636.08,0.00125,45759.27,-292.61703,0.0511203215075,25.4788572257
274,1777071681246,2026-04-24T23:01:21.246000+00:00,btc-usdc,FLOW_CLUSTER,"BUY flow cluster @ 77,331.0000  x9352  $22,951,738",77331,0.00125,27307.47632,-1307956.87849,-0.0781739596726,29.984685895
275,1777071719443,2026-04-24T23:01:59.443000+00:00,sol-usdc,FLOW_CLUSTER,"SELL flow cluster @ 86.0938  x837  $2,208,181",86.18,-0.0023764,3218490.12,-189216.75682,-0.1199534094,12.147464963
276,1777071750425,2026-04-24T23:02:30.425000+00:00,doge-usdc,FLOW_CLUSTER,"SELL flow cluster @ 0.0985  x39  $141,833",0.097993,0.00125,325116652,139.653131,-0.0377435478935,55.2927513
277,1777071859495,2026-04-24T23:04:19.495000+00:00,eth-usdc,FLOW_CLUSTER,"BUY flow cluster @ 2,313.7114  x1201  $7,386,453",2311.4,0.00058226,418599.8932,-138701.61339,-0.114517836693,35.2324486203
278,1777071895997,2026-04-24T23:04:55.997000+00:00,icp-usdc,THIN_BOOK,impact excess 8.0bp over spread,2.448,0.00125,764300.4,904.1298,-0.102019995919,88.5838137338
279,1777071960803,2026-04-24T23:06:00.803000+00:00,bnb-usdc,FLOW_CLUSTER,"SELL flow cluster @ 637.3522  x88  $20,417",636.08,0.00125,45759.53,242.34977,-0.00314415972331,84.0781769166
280,1777071981633,2026-04-24T23:06:21.633000+00:00,btc-usdc,FLOW_CLUSTER,"BUY flow cluster @ 77,328.0000  x10300  $30,147,497",77328,0.00125,27373.4124,-1257021.35678,-0.0755945804501,39.4411352497
281,1777072019480,2026-04-24T23:06:59.480000+00:00,sol-usdc,FLOW_CLUSTER,"SELL flow cluster @ 86.1340  x1166  $1,857,537",86.134,-0.00248024,3217239.96,-132890.70142,-0.122333733382,31.4492985456
282,1777072050538,2026-04-24T23:07:30.538000+00:00,doge-usdc,FLOW_CLUSTER,"SELL flow cluster @ 0.0980  x114  $89,153",0.098003,0.00125,325124818,-338.097611,-0.0377396980824,13.4371145385
283,1777072159740,2026-04-24T23:09:19.740000+00:00,eth-usdc,FLOW_CLUSTER,"BUY flow cluster @ 2,312.2000  x1398  $7,314,196",2312.2,0.00025815,418438.0384,-236090.90609,-0.105847536345,19.9154528162
284,1777072210706,2026-04-24T23:10:10.706000+00:00,icp-usdc,THIN_BOOK,impact excess 9.9bp over spread,2.451,0.00125,764309,-209.50439,-0.0611620795107,20.4593795934
285,1777072260815,2026-04-24T23:11:00.815000+00:00,bnb-usdc,FLOW_CLUSTER,"SELL flow cluster @ 635.6937  x43  $17,655",636.33,0.00125,45759.338,56.61832,0.191303937082,70.3187183511
286,1777072282201,2026-04-24T23:11:22.201000+00:00,btc-usdc,FLOW_CLUSTER,"BUY flow cluster @ 77,276.6460  x16221  $32,248,418",77354,0.00125,27372.0567,142928.56148,-0.0678237615704,59.2998865399
287,1777072320031,2026-04-24T23:12:00.031000+00:00,sol-usdc,FLOW_CLUSTER,"SELL flow cluster @ 86.0888  x958  $2,344,319",86.175,-0.00239929,3218812.2,256213.45742,-0.117066159766,70.4468596468
288,1777072335541,2026-04-24T23:12:15.541000+00:00,icp-usdc,FLOW_CLUSTER,"BUY flow cluster @ 2.4504  x37  $10,239",2.4529,0.00125,768648.6,8416.46011,-0.0896093845464,97.0389793249
289,1777072351074,2026-04-24T23:12:31.074000+00:00,doge-usdc,FLOW_CLUSTER,"SELL flow cluster @ 0.0980  x143  $99,843",0.098081,0.00125,324471102,44415.459769,-0.0397472482674,98.2349696526
290,1777072459866,2026-04-24T23:14:19.866000+00:00,eth-usdc,FLOW_CLUSTER,"BUY flow cluster @ 2,311.0866  x1448  $6,857,306",2313.4,0.00043125,418366.5172,136035.9779,-0.101479002483,92.2222074104
291,1777072511311,2026-04-24T23:15:11.311000+00:00,icp-usdc,THIN_BOOK,impact excess 9.0bp over spread,2.4548,0.00125,771601.8,11084.0046,-0.10986775178,97.0098421722
292,1777072561060,2026-04-24T23:16:01.060000+00:00,bnb-usdc,FLOW_CLUSTER,"SELL flow cluster @ 637.7930  x23  $17,164",636.52,0.00125,45762.306,445.60988,-0.0651557851272,69.490348485
293,1777072582510,2026-04-24T23:16:22.510000+00:00,btc-usdc,FLOW_CLUSTER,"BUY flow cluster @ 77,335.0000  x8623  $25,855,605",77335,0.00114358,27376.06814,451019.62048,-0.0846247763257,83.7873664398
294,1777072620292,2026-04-24T23:17:00.292000+00:00,sol-usdc,FLOW_CLUSTER,"SELL flow cluster @ 86.0838  x846  $2,238,492",86.17,-0.00246081,3219845.02,-140510.10071,-0.112441605712,4.57602928065
295,1777072635821,2026-04-24T23:17:15.821000+00:00,icp-usdc,FLOW_CLUSTER,"BUY flow cluster @ 2.4509  x46  $13,046",2.4534,0.00104127,771578,2433.05868,-0.105863192182,88.0819020816
296,1777072651306,2026-04-24T23:17:31.306000+00:00,doge-usdc,FLOW_CLUSTER,"SELL flow cluster @ 0.0980  x115  $101,236",0.098103,0.00125,324466298,-176.724326,-0.0377012431221,23.8448178807
297,1777072719860,2026-04-24T23:18:39.860000+00:00,bnb-usdc,GRINDING_TRAP,px +0.09% 15m (1.8σ)  CVD -0.00M  fund +0.0013%  FΔ +0.0000%  OI +0.01% 15m,636.46,0.00125,45763.686,-351.97491,0.170765296085,24.8875570862
